Ferramenta,"Descrição, objetivo e relação com método/persona",Relação com a Promessa Transformadora,Formato recomendado,Eficiência,Potencial low ticket,Momento da jornada,Público atendido,Prioridade de criação
(exemplo — apague esta linha) Diário de Consciência Alimentar,"Registra refeições, contexto emocional e padrões de recaída da cliente. Resolve a falta de clareza sobre onde a rotina real quebra e sustenta a etapa de diagnóstico do método.",Ajuda a cliente a enxergar o padrão que sabota o resultado — primeiro passo da transformação prometida.,Google Sheets ou PDF editável com campos guiados,Alta,"Alta — aplicação imediata, resolve uma dor específica e não exige acompanhamento.",Diagnóstico inicial,Lead ou aluno,Alta
,,,,,,,,
,,,,,,,,
,,,,,,,,
,,,,,,,,
,,,,,,,,
,,,,,,,,
,,,,,,,,
,,,,,,,,
,,,,,,,,
,,,,,,,,
,,,,,,,,
,,,,,,,,
,,,,,,,,
,,,,,,,,
